umap_dim_1,umap_dim_2,umap_dim_3,umap_dim_4,umap_dim_5,umap_dim_6,umap_dim_7,umap_dim_8,umap_dim_9,umap_dim_10,class
-0.89411056,7.805222,4.16425,9.66508,1.5034534,4.2691274,4.0447416,7.9541483,7.2256923,7.1707535,1
2.6453216,5.362143,4.820423,8.664321,0.58498967,4.599613,3.3228095,6.8307066,4.258815,6.008608,0
0.45325968,7.523173,5.0773993,9.762644,1.6184672,5.0676966,4.126721,7.5495887,6.403655,6.10717,1
3.1113815,5.137098,4.8398566,8.517074,0.994722,4.8086696,3.2460067,6.7319727,3.9950154,5.8373666,0
-0.8527931,7.630381,4.0706654,9.632714,1.3352985,4.162747,4.024243,7.9505773,7.13634,7.269081,1
3.2988195,4.894483,4.920666,8.708476,0.48712334,4.577734,3.335541,6.5229635,3.8559651,5.8806367,0
-1.0135744,7.7586107,4.0569468,9.669219,1.374687,4.1266136,4.0376964,8.058039,7.2852664,7.3100967,1
3.1599832,4.9128323,4.7081194,8.482122,0.9451406,4.781489,3.3934996,6.6975045,3.9179015,5.8946767,0
-1.069112,7.9726834,4.1318617,9.705775,1.5255067,4.251747,3.9998376,8.06737,7.399307,7.2315297,1
3.4735434,4.9933643,4.8619156,8.6211,0.60407823,4.595731,3.34307,6.3697863,3.6593084,5.7701445,0
-1.1462153,7.896797,4.057104,9.702986,1.440179,4.151581,4.0283756,8.11928,7.407286,7.3249235,1
-0.71578985,8.504204,4.881516,10.046681,1.8439723,4.9632106,4.044631,8.039412,7.5300603,6.53116,0
-1.0345168,8.179823,4.3000293,9.78475,1.6649709,4.469756,3.9988647,8.064015,7.4878716,7.0442524,1
-0.19108361,8.564961,5.4601564,10.229614,1.98844,5.4359384,4.047017,7.8393793,7.2252097,6.02004,0
0.02178483,8.938922,5.9795756,10.064059,2.338675,5.9301953,4.023019,7.632968,7.2818584,5.431034,1
2.7199087,5.3523674,4.845751,8.685546,0.59768856,4.598436,3.314522,6.775048,4.228948,5.969966,0
0.21212675,8.552933,5.904081,10.030839,2.2118886,5.8767233,4.1494737,7.5705686,6.966823,5.4503508,1
3.023898,4.85547,4.9887877,8.460225,0.48900178,4.9052186,3.754626,6.9390945,3.4706953,6.0905466,0
1.8858565,6.7154655,5.305916,9.252868,1.4909636,5.19476,3.8320518,6.950886,5.12165,5.6195273,1
3.144992,6.094542,5.341871,8.601396,1.5345353,5.237151,3.3467202,6.4965396,4.4234715,5.2410235,0
-0.9871204,8.372912,4.483574,9.881023,1.7974687,4.723482,4.0219812,8.041024,7.556919,6.8154893,1
3.1040726,4.898303,4.9145246,8.485338,0.48187807,4.820142,3.6875436,6.793636,3.4269564,6.0213437,0
0.53724134,7.7145934,5.330369,9.785057,1.7442098,5.30604,4.11848,7.4904943,6.403008,5.8807063,1
2.9419193,4.868934,5.0373826,8.457103,0.46745306,4.9595385,3.8284652,7.012182,3.508401,6.1016083,0
-0.88063747,8.3626375,4.537915,9.865657,1.8601128,4.8302703,4.0391183,7.9555182,7.480652,6.706688,1
-1.2479548,8.075878,4.078651,9.800968,1.5785635,4.280264,3.9737618,8.202114,7.549254,7.3150334,0
-1.1104599,7.7690835,4.0117135,9.661599,1.333927,4.0615215,4.047866,8.07362,7.315722,7.3703485,1
3.1569722,4.8608055,5.0737004,8.75308,0.33714998,4.615276,3.4086473,6.620541,4.0223093,5.9389677,0
1.6499077,8.419667,6.251002,9.206085,2.505403,6.196594,3.7160273,6.6633186,5.9374323,4.725326,1
2.3651114,5.6804056,5.070341,8.895355,0.8810968,4.9684362,3.808766,7.05925,4.5164347,5.956494,0
-1.0378433,8.2580185,4.363363,9.822034,1.7070429,4.5511045,4.004249,8.076977,7.532289,6.976809,1
-0.30722964,8.897748,5.6438756,10.1317005,2.0105693,5.4691606,3.8459983,7.854392,7.634298,5.989856,0
-0.9681306,7.9280868,4.1772523,9.676026,1.5579574,4.3159046,3.990137,7.9956098,7.3303933,7.156116,1
0.8593985,7.209819,5.0632634,9.716019,1.4425107,4.946479,4.0763702,7.4595156,6.1239457,6.045233,0
-0.48877034,8.924167,5.4870715,10.103792,2.023344,5.3953853,3.87645,7.886475,7.7217126,6.1082625,1
-0.26129967,8.905982,5.725931,10.096832,1.949396,5.432697,3.7594569,7.8379517,7.6462893,6.025884,0
-0.8650912,8.669944,4.798644,10.0266285,2.0957353,5.171817,4.114162,7.878391,7.584125,6.4323716,1
3.286711,5.182578,4.9259644,8.549091,0.8561088,4.8222537,3.4682112,6.5579457,4.0058336,5.707836,0
0.44870952,8.244788,5.804552,9.934016,2.0841777,5.759676,4.1533237,7.4815397,6.694564,5.486691,1
1.0726073,8.11437,5.8898077,9.590051,2.141328,5.792189,3.9469454,7.129221,6.2754254,5.2321606,0
1.8912156,8.243352,6.213898,9.106868,2.558297,6.1934853,3.6206825,6.5388155,5.80392,4.608776,1
3.0208127,4.749008,5.1838894,8.6328945,0.39459145,4.873405,3.7297347,6.8480253,3.9332223,5.9993334,0
1.9458985,8.146121,6.139732,9.072144,2.4753137,6.117687,3.6227767,6.5602994,5.7164373,4.6681027,1
-0.18941544,8.518757,5.5106506,10.300769,1.8655416,5.3269157,4.060535,7.936561,7.23924,6.0778775,0
-1.0878338,8.054764,4.1494074,9.728451,1.5750011,4.3019915,3.9762955,8.084161,7.4468026,7.2155356,1
3.1953928,4.7086334,5.257646,8.663363,0.3436359,4.799724,3.5086768,6.7343235,3.9422276,5.929331,0
-0.98299026,8.366295,4.4811287,9.889883,1.7898991,4.7231584,4.015731,8.05534,7.551791,6.8166566,1
2.748059,5.428651,5.1002398,9.11217,0.8294967,4.783512,3.6984236,6.7112904,4.553817,5.8728204,0
-0.8515934,8.490972,4.6523066,9.91565,1.984021,5.0230093,4.051174,7.885714,7.5091047,6.5503387,1
3.2733197,4.9686785,4.921063,8.506854,0.48662525,4.7513666,3.5533164,6.6355424,3.3724542,5.9191537,0
-0.32408258,8.377215,5.283233,10.170269,1.814836,5.190966,4.1407266,7.965962,7.265089,6.207061,1
2.9845672,5.2609496,4.8664384,8.537961,0.8969272,4.8801436,3.5561864,6.728376,4.233146,5.7611103,0
6.308098,4.1844916,5.0144477,7.676738,1.1725678,5.043433,2.4466412,5.6682286,2.6593819,4.8936834,1
2.9612935,4.9610004,4.8955154,8.657257,0.5375685,4.786863,3.6182573,6.8348546,3.7870414,5.999922,0
-0.97202975,8.425015,4.525608,9.876084,1.8672634,4.8109155,4.042873,7.989507,7.560498,6.733657,1
3.9044366,4.8055468,5.1456585,8.526329,0.5979837,4.685084,3.2571619,6.4483504,3.6208997,5.846673,0
-0.9476871,8.585125,4.6453257,9.837407,2.1194367,5.0896416,4.092957,7.88103,7.5814595,6.472354,1
3.2359018,4.6263795,4.840352,8.489079,0.5839016,4.793749,3.7732804,6.648592,4.1024036,5.8904924,0
0.14447798,8.797402,5.975515,10.024313,2.2958217,5.918966,4.0424786,7.582456,7.1462393,5.411388,1
3.304777,4.745563,4.689799,8.477517,0.7272731,4.672365,3.4174662,6.567972,3.9165778,5.8978047,0
1.3303914,8.319158,6.0691166,9.425169,2.34289,6.0123916,3.8287418,6.9138665,6.173392,4.9770145,1
2.9283714,4.8955717,5.018791,8.573174,0.40621907,4.8563223,3.7491763,6.9561834,3.6014307,6.1070824,0
1.7135574,8.308967,6.190037,9.203418,2.4812558,6.151043,3.6897728,6.6613092,5.9088087,4.7255135,1
5.484401,3.8494492,5.0544677,8.256421,0.037045345,4.402167,3.2136734,6.171178,3.3938954,5.8806567,0
0.057002656,8.428286,5.396505,10.071002,1.9847206,5.445611,3.9427278,7.6656823,7.065112,5.9529395,1
-0.17797856,8.806709,5.845609,10.241011,2.1920607,5.7948465,4.153578,7.799299,7.3373456,5.6462765,0
-0.6455204,9.021265,5.355693,10.032822,2.5371695,5.777275,4.230759,7.829259,7.527353,5.6232133,1
-0.78239965,8.548168,4.8485694,9.835656,2.1382966,5.170818,4.129813,7.889735,7.4915695,6.3008876,0
6.318862,4.2335095,5.037465,7.6927404,1.2155976,5.0767894,2.444936,5.6789956,2.639569,4.859867,1
-0.45248833,9.011877,5.495808,9.93358,2.6256855,5.884956,4.248366,7.827962,7.342416,5.3946776,0
1.4971056,8.414466,6.200809,9.295483,2.4552767,6.1432834,3.7611523,6.7649517,6.0489383,4.8212647,1
2.6193411,5.3314962,5.006358,8.6819515,0.48661315,4.81491,3.6819398,6.9910746,4.0644956,6.0618434,0
1.8061795,8.367303,6.2278633,9.115653,2.5727038,6.1600037,3.6062596,6.641085,5.882744,4.6189666,1
3.1432686,5.3727713,5.0617237,8.682362,0.88382435,4.856599,3.538407,6.6125627,4.1545196,5.722012,0
1.5479443,8.349479,6.1519513,9.295168,2.4311814,6.107285,3.7436981,6.7634287,6.031579,4.8247094,1
-0.7007377,8.512918,4.906472,9.7968025,2.1850066,5.231172,4.156763,7.85572,7.418609,6.1975665,0
1.6259956,8.314991,6.167006,9.27177,2.4319746,6.149053,3.7176733,6.7102995,5.978712,4.7834587,1
4.0895014,6.3194437,5.5702243,8.153443,2.2033112,5.5855527,2.9488814,6.0570455,4.044261,4.551055,0
1.9465566,8.296023,6.198883,9.008743,2.5986683,6.146084,3.5416596,6.5393662,5.7399683,4.562951,1
3.7893984,6.2510467,5.4727793,8.301553,1.9936517,5.4621267,3.1017084,6.2186546,4.1820946,4.7777195,0
-1.0483625,8.261487,4.354733,9.7999,1.7207242,4.52513,4.0072136,8.058798,7.5347085,6.9988027,1
-0.14906989,8.746254,5.5650377,10.195619,2.100575,5.5413294,3.9609656,7.788385,7.3011117,5.903217,0
1.9634876,8.265689,6.250072,9.070847,2.5586429,6.214698,3.60972,6.5138025,5.721507,4.600431,1
3.2631752,5.988837,5.3300786,8.5652275,1.4889998,5.201978,3.3072028,6.4708223,4.325324,5.245787,0
0.851122,7.3372684,5.260885,9.767946,1.5802126,5.172629,4.1426716,7.423303,6.113323,5.8881245,1
1.2404133,7.4609637,5.5453386,9.673916,1.7268788,5.346336,3.8285506,7.267968,6.047165,5.659252,0
0.41820142,7.8671885,5.379845,9.914741,1.8626909,5.415881,4.1149044,7.544367,6.5561438,5.851696,1
0.82559,8.242801,5.7647457,9.732057,2.1092432,5.6614323,3.8381243,7.3024707,6.5398293,5.440667,0
1.8999316,6.6183977,5.1801825,9.306383,1.503881,5.0840254,3.7819579,6.9624314,5.20318,5.715642,1
3.7078822,5.0587735,5.1211743,8.487897,0.84453636,4.85731,3.1711812,6.3816123,3.657311,5.5522513,0
1.4385426,8.298082,6.0953865,9.361256,2.3585825,6.04181,3.7793581,6.8424735,6.0900555,4.9240084,1
2.582383,5.6014566,5.051891,9.124056,0.91954947,4.770348,3.6634963,6.780076,4.676054,5.893126,0
1.6080582,6.6980224,5.2404294,9.468665,1.3762513,5.0853686,3.95002,7.178012,5.4718847,5.8068557,1
2.5812643,5.5041275,5.020217,8.805192,0.82610655,4.90878,3.6926632,6.9372025,4.3338265,5.913038,0
1.8028917,6.529291,5.238178,9.396628,1.2938923,5.060003,3.9022996,7.119389,5.3629465,5.771972,1
4.410402,6.146112,5.55666,8.079058,2.2096143,5.5797725,2.8337848,5.9700174,3.8078244,4.506013,0
4.642245,5.999401,5.548673,7.9988685,2.1925373,5.580888,2.7119308,5.878828,3.642155,4.4853272,1
4.87321,5.833899,5.5043507,7.9405975,2.1539729,5.5604844,2.624912,5.819496,3.4577434,4.4773436,1
2.990054,5.1034956,5.0944433,8.831518,0.38532746,4.585888,3.3506713,6.6392365,4.2093544,5.941628,0
0.9517353,7.6143303,5.4987884,9.744836,1.7941239,5.4206634,4.0948634,7.320583,6.1621623,5.619835,1
-0.8230777,7.5802584,4.044909,9.618091,1.2959707,4.142111,4.0140676,7.9275274,7.0945086,7.2890744,0
-0.9397236,8.657821,4.745707,9.97321,2.061172,5.1203165,4.070374,7.9379244,7.649323,6.4731936,1
2.929991,4.958059,4.980703,8.53967,0.446755,4.883254,3.7612488,6.9889526,3.5271995,6.138127,0
-0.9517333,8.533293,4.6459675,9.961659,1.8981439,4.896586,4.0408864,8.024222,7.6191063,6.659359,1
2.0544186,6.049523,5.112578,9.073927,1.0184013,4.9921,3.912822,7.0963116,4.9219885,5.9032636,0
-0.7898615,8.5720825,4.907173,10.083166,1.8759961,4.9874425,4.0572457,8.066157,7.5919967,6.5239816,1
2.922629,4.8606553,5.0560737,8.699191,0.5552426,4.8598976,3.8005228,6.8007703,4.2194147,5.94351,0
-0.8031725,8.544435,4.7771583,9.980427,2.004603,5.1014395,4.087343,7.902656,7.5227766,6.457356,1
2.8038635,4.8865294,5.209167,8.658796,0.42936838,4.955632,3.8038964,6.9730015,4.059301,6.005989,0
-1.2287426,7.955849,4.038987,9.70076,1.4418744,4.1267934,4.028647,8.166975,7.4711876,7.3583655,1
1.8847964,6.12929,5.146464,9.178147,0.99234927,4.9621706,3.9716492,7.199882,5.0675454,5.982506,0
4.67354,5.9308715,5.4846926,8.046015,2.0883865,5.507695,2.744461,5.930912,3.6205862,4.5647697,1
2.0363405,6.0394087,5.110501,9.100771,0.9994692,4.9803624,3.9278724,7.132649,4.9533706,5.93298,0
4.98446,5.6764264,5.4788985,7.9316034,2.0527074,5.5132375,2.6105611,5.817643,3.377458,4.536106,1
3.715726,4.9365373,5.2026525,8.63569,0.65079296,4.679442,3.2565403,6.4705915,3.8076398,5.824085,0
2.6353154,5.663767,5.0831237,8.879669,0.9116225,4.877795,3.6155603,6.8082504,4.543594,5.780914,1
1.031502,7.0175314,5.0834,9.554855,1.3635421,4.945673,4.0612087,7.3652477,5.8795147,6.0487237,0
0.9316988,7.9124093,5.7267995,9.696829,1.958734,5.614802,4.026802,7.2579174,6.2951946,5.4394584,1
2.9201033,5.2793865,5.0278344,9.024573,0.78082734,4.664823,3.552386,6.63368,4.3408194,5.930652,0
-0.75824267,8.732781,5.014202,10.088252,2.0398688,5.241865,4.040154,7.911409,7.637532,6.3316402,1
2.2117465,6.0222745,5.079686,9.165522,1.0891674,4.9028716,3.7493265,6.963197,4.932245,5.863804,0
0.12502293,8.430153,5.4951053,10.10245,1.9021062,5.416505,3.9030213,7.7147164,7.1045527,5.9595284,1
3.3647554,4.9270287,5.0230947,8.753211,0.61671484,4.6105976,3.4238572,6.447582,3.6848083,5.97865,0
2.0298443,6.3338585,5.188819,9.284738,1.2532938,5.011241,3.8233142,7.014841,5.192092,5.7537136,1
3.3074055,5.0462995,5.1803775,8.566678,0.5560611,4.8105626,3.4034326,6.689706,3.4655843,5.869314,0
1.5898753,8.187308,6.0541787,9.29427,2.3598022,6.0016294,3.7449532,6.783484,5.969916,4.868017,1
0.39500096,8.560939,5.5815063,9.89568,2.1996422,5.588861,3.7649891,7.477188,6.9530945,5.630048,0
-0.7574864,8.9743395,5.1620436,10.08481,2.374326,5.5706744,4.1786556,7.854854,7.6059494,5.983354,1
2.836209,5.114869,5.031436,8.60235,0.53332776,4.8975472,3.7774801,6.9692717,3.7267354,6.0812078,0
-0.66022325,9.046747,5.4058332,10.257157,2.3515925,5.726872,4.1328216,7.8573384,7.6637516,5.871292,1
1.4595789,6.7535124,5.378086,9.593425,1.389662,5.1678205,3.9862027,7.299611,5.575273,5.828143,0
2.419272,6.026068,5.126616,9.0308695,1.1632183,4.949132,3.6368556,6.876116,4.780009,5.7447867,1
1.4245709,6.825314,5.4581027,9.651388,1.3289877,5.1700883,3.8942075,7.29655,5.74176,5.8515954,0
4.49566,6.0105977,5.506615,8.073247,2.1063406,5.516812,2.8030152,5.9613905,3.7202399,4.5740986,1
1.5253484,6.6694045,5.3662825,9.56264,1.3257328,5.135931,3.9566717,7.27738,5.5330606,5.8456182,0
5.105614,5.5727067,5.5285945,7.968345,1.9843699,5.557944,2.6515758,5.871668,3.280641,4.474709,1
4.1445813,4.4301057,4.90165,8.414781,0.42200994,4.550028,3.2703106,6.348414,3.6109822,5.886978,0
1.7718801,6.5237937,5.1714096,9.408046,1.382832,5.029289,3.838012,7.102735,5.319242,5.8519173,1
3.4539096,4.7243114,5.033256,8.695745,0.5003879,4.593547,3.4103034,6.552201,3.7587612,5.9965267,0
0.98825556,7.032326,5.0641727,9.562992,1.3505886,4.924051,4.071761,7.384456,5.9108357,6.0710897,1
2.850917,5.3628397,5.0678844,9.097265,0.83180296,4.7220354,3.6428213,6.6517863,4.487348,5.8978977,0
-0.66256875,8.892384,5.3235483,10.228376,2.3365548,5.735157,4.232311,7.8074555,7.527254,5.8580165,1
-1.0046134,8.332877,4.4371905,9.86092,1.7646595,4.6648674,4.013925,8.055715,7.547545,6.8691106,0
3.2125154,5.137911,4.974543,8.631043,0.6953385,4.657377,3.2158463,6.5471067,3.8648682,5.8008423,1
1.0850322,6.9982095,5.1295915,9.582594,1.3895447,4.9940195,4.079025,7.351869,5.827309,6.012799,0
3.5517356,5.075227,5.172476,8.452235,0.7285888,4.845972,3.1966052,6.5622563,3.7090166,5.6680007,1
3.1797848,4.7926626,5.141181,8.74468,0.3812509,4.6747723,3.4901607,6.667335,3.910583,5.988049,0
-0.47645727,9.119618,5.7154093,10.267296,2.3121552,5.8060126,4.021104,7.8329263,7.687509,5.7504478,1
0.6698774,8.521413,5.845079,9.769086,2.2375503,5.7683067,3.814188,7.332741,6.741125,5.381828,0
-0.29985008,9.103648,5.820288,10.185838,2.35038,5.8604503,3.9862294,7.7746034,7.574077,5.6271024,1
3.3573241,5.045492,5.232523,8.530846,0.53481823,4.8148913,3.3405967,6.6861815,3.416474,5.853935,0
1.0457467,7.5855646,5.572544,9.687012,1.7918231,5.443626,4.028302,7.266232,6.093033,5.5580397,1
3.2909691,5.0420065,5.0654225,8.642663,0.6063015,4.631616,3.2801974,6.55661,3.6037931,5.844046,0
6.067669,4.367657,5.0535636,7.7136035,1.2074236,5.03786,2.4521942,5.745179,2.742065,4.9326277,1
3.41528,4.784569,5.055709,8.658245,0.57265955,4.5894337,3.2405949,6.3636436,3.6494682,5.82245,0
0.32377362,7.9853077,5.438617,9.970018,1.9073606,5.481483,4.1678524,7.5701194,6.657364,5.805807,1
3.3882346,4.8812213,4.917802,8.657813,0.64482635,4.5759263,3.389308,6.3330026,3.7530794,5.880501,0
5.63349,4.538506,5.159272,7.878848,1.131085,5.0242867,2.6314087,5.8405714,3.0107052,5.0698905,1
2.9989548,5.285699,5.067493,8.727033,0.6273057,4.7158966,3.3940852,6.6371336,4.1085615,5.7946877,0
5.690541,3.5658545,5.000164,8.216903,-0.14166202,4.245197,3.2961805,6.1272597,3.1414516,6.0923724,1
3.322935,5.001452,5.0302596,8.7761965,0.54304075,4.5493045,3.3180852,6.4360466,3.7617908,5.916382,0
-0.025631469,8.203799,5.362804,10.066896,1.9786675,5.4817777,4.201518,7.695267,6.9228826,5.918345,1
2.8532538,5.7217116,5.2408285,8.9381075,0.98548526,4.9603977,3.6909459,6.6656256,4.494055,5.7193646,0
5.671197,3.581613,4.976856,8.284296,-0.14938292,4.1457567,3.410492,6.1755996,3.093635,6.17429,1
1.7337012,8.324419,6.2237616,9.198097,2.4472353,6.2186103,3.7320845,6.609879,5.868718,4.739297,0
5.8106117,3.532597,4.955894,8.123102,-0.13241753,4.2338543,3.2745461,6.0231338,3.1014235,6.0282116,1
3.2783,4.765879,4.97896,8.380103,0.490873,4.9334664,3.849957,6.8471003,3.665962,5.9694734,0
5.769357,3.512915,4.98506,8.195989,-0.19589329,4.168499,3.358881,6.0845885,3.08812,6.1354303,1
3.0866783,4.781027,4.7619457,8.409169,0.66291285,4.8558164,3.684365,6.8462424,3.663635,6.023708,0
0.76226026,8.256623,5.816854,9.763219,2.1245408,5.72344,3.9251165,7.321673,6.557919,5.409427,1
2.9921985,4.994332,5.1443014,8.463449,0.47284847,4.9722533,3.6963415,7.0289087,3.322559,6.1145735,0
-0.30211544,8.482595,5.3206186,10.105683,2.1858048,5.6408644,4.1915193,7.68284,7.185248,5.877498,1
2.9802732,4.8173413,4.913648,8.402046,0.54265916,4.9205136,3.7107882,7.0139356,3.348507,6.154157,0
-0.81215936,8.93382,5.2117534,10.182031,2.3511517,5.595246,4.181824,7.9000525,7.6734915,5.9342055,1
3.4700758,5.0907264,5.200212,8.611291,0.67441326,4.722505,3.2124379,6.510043,3.7638354,5.76197,0
0.020669268,9.005213,5.917526,10.012739,2.3876157,5.8810654,3.9437876,7.6311226,7.3265624,5.4294596,1
3.5832698,4.946983,4.8950076,8.7231045,0.53669816,4.5079455,3.2482693,6.3175144,3.688597,5.768875,0
-0.06771383,8.36201,5.4116454,9.976989,2.2388756,5.695175,4.2475867,7.6516743,6.9346004,5.6529803,1
3.1801412,5.143242,5.054665,8.757388,0.72139233,4.6468096,3.4307117,6.5118876,3.6756272,6.051117,0
-1.1394372,7.8926015,4.0568852,9.694028,1.4349363,4.1439743,4.029365,8.116726,7.402071,7.3255353,1
2.777929,5.654636,5.2302237,9.143871,0.9447671,4.850843,3.7149138,6.721298,4.613664,5.791734,0
-0.9439487,7.7665854,4.10242,9.682701,1.4155177,4.185496,4.0302415,8.043764,7.2687964,7.254938,1
3.184403,5.082179,5.1850367,8.562919,0.5310369,4.844764,3.4875295,6.788413,3.3396873,5.947161,0
-0.9054719,7.703285,4.106707,9.710079,1.3783381,4.163182,4.042839,8.080083,7.243913,7.2551584,1
1.87616,6.2866235,5.170132,9.135276,1.1522604,5.052643,3.9725487,7.073613,5.07425,5.8411765,0
5.76066,3.5348864,5.0284033,8.233942,-0.14270853,4.276452,3.2570264,6.1442223,3.1846695,6.0617385,1
2.4545865,5.908811,5.096722,8.905246,1.1556264,5.0241814,3.6908762,6.878261,4.76495,5.684979,0
6.141546,4.506186,5.0694857,7.714308,1.4201397,5.195434,2.4220846,5.74373,2.6685054,4.748778,1
3.3930533,4.5036335,4.68794,8.464261,0.56997824,4.673197,3.5081623,6.6343417,3.6519775,5.9950233,0
1.5254768,8.427044,6.2356615,9.2733555,2.4574695,6.1752124,3.7759538,6.7272573,5.9947844,4.8059893,1
3.0374715,4.8127413,4.9427257,8.449157,0.3548049,4.875772,3.9134643,6.8962464,3.4471412,6.038705,0
2.7991958,5.3235283,5.0169897,8.7121,0.47039863,4.6781096,3.3908043,6.764942,4.1742496,5.922353,1
3.1895814,4.933111,4.995415,8.738163,0.4687561,4.5723195,3.2360783,6.4860086,3.7021258,5.771407,0
1.4656737,8.038308,5.9420652,9.377616,2.2253065,5.8719263,3.832007,6.890113,5.9933615,5.0257497,1
2.9958422,5.2736692,5.04454,9.021151,0.7995505,4.6798806,3.5642035,6.58422,4.344659,5.893683,0
-0.25668913,8.524344,5.5406995,10.290474,1.9084634,5.4088264,4.1550694,7.9368563,7.280931,6.0218186,1
1.1190494,8.394033,5.996058,9.529077,2.3046322,5.9110317,3.790163,7.0546603,6.365798,5.1206284,0
-0.52979237,9.03479,5.455269,10.009276,2.5787275,5.8589635,4.2464657,7.859251,7.4293637,5.482073,1
3.349678,5.0045505,5.016402,8.840275,0.66921467,4.563877,3.3509128,6.4888325,3.9154696,6.0307045,0
-0.5296033,8.991609,5.4231176,9.954179,2.6122234,5.85738,4.270309,7.824018,7.386498,5.4584107,1
1.8183477,6.683619,5.303269,9.39454,1.4398727,5.161484,3.8692439,7.0270567,5.333919,5.644797,0
-1.1625013,7.839738,4.021025,9.689394,1.3919781,4.0998,4.0661016,8.147958,7.396966,7.364795,1
3.2513008,4.886222,5.006027,8.870892,0.48325333,4.5138144,3.4047837,6.4429812,3.890094,6.053958,0
-0.38169503,8.684372,5.5519323,10.180565,2.3264518,5.83279,4.2828617,7.7640433,7.2813406,5.670713,1
3.8222744,4.5903163,4.8707137,8.500846,0.4771607,4.5416193,3.2947304,6.341564,3.7012272,5.8869014,0
-0.2208791,8.830387,5.67126,10.264127,2.1207829,5.668771,4.0032086,7.7988944,7.4299517,5.825053,1
4.0266047,4.598588,5.000141,8.549801,0.46740428,4.548967,3.2146106,6.3374376,3.5968266,5.824185,0
0.90619975,7.7802296,5.714892,9.730547,1.7951777,5.4913945,4.055447,7.317684,6.2995024,5.5426564,1
3.6650836,4.8732305,5.0441637,8.710393,0.5053815,4.5194626,3.1688442,6.336257,3.6101701,5.789594,0
0.16245265,8.678972,5.556373,9.979915,2.2619157,5.6519885,3.8598351,7.565337,7.089161,5.636984,1
3.2046883,4.7076554,4.6227393,8.374825,0.7903111,4.7991757,3.6131067,6.688744,3.8667827,5.920315,0
2.0505464,6.253707,5.175699,9.287177,1.2023529,4.982584,3.8129385,7.0495853,5.184556,5.7985396,1
3.5153935,4.5428767,4.8496,8.382086,0.5195188,4.7869115,3.710986,6.6311555,3.801569,5.921199,0
0.10033195,8.652943,5.5402317,10.06694,2.1704812,5.593962,3.8616204,7.6193814,7.1458597,5.7534676,1
-0.14811893,8.952843,5.617669,9.844923,2.5731153,5.883716,4.1129136,7.654936,7.218085,5.3247395,0
5.705712,3.6035657,5.015428,8.215839,-0.10401528,4.233252,3.3209343,6.113707,3.1007936,6.069757,1
-0.3774157,9.000847,5.6841855,10.108227,2.0143194,5.45942,3.811526,7.8708005,7.7448974,6.018483,0
1.8530138,8.179537,6.1371126,9.144755,2.4531505,6.116524,3.6626682,6.607585,5.790709,4.7090855,1
2.2647502,5.9935403,5.075456,8.95431,1.1229094,5.0396633,3.800703,7.004015,4.7901554,5.778248,0
4.0220866,6.491845,5.6593475,8.150878,2.3403025,5.6895766,2.9462204,6.0182953,4.135915,4.432988,1
2.7922392,5.278537,5.080847,9.039699,0.72573924,4.770237,3.750581,6.755954,4.4793687,5.9515862,0
4.0499015,6.27804,5.565528,8.204826,2.143403,5.547627,2.98261,6.0844784,4.038162,4.5985,1
-0.45152274,8.446616,5.207485,10.179898,1.8165718,5.1368256,4.122267,8.01183,7.3688946,6.2942743,0
1.8981943,8.226398,6.1784973,9.039547,2.6002374,6.1366677,3.5570312,6.546541,5.798783,4.568513,1
2.9237409,5.061599,5.1597495,8.4984865,0.4753161,4.991072,3.732162,7.0696883,3.3666103,6.1461267,0
4.144348,6.375301,5.617015,8.123372,2.27629,5.6395373,2.9095964,6.008686,4.0337086,4.47475,1
3.480265,4.6224055,4.6691723,8.361412,0.68349826,4.715531,3.5120516,6.5237656,3.8641775,5.855453,0
6.1698494,4.2729764,5.1316724,7.8170295,1.1469097,5.0895476,2.5599432,5.794235,2.762151,4.9081945,1
0.38747284,8.58913,5.6033015,9.902493,2.1953933,5.597287,3.759402,7.484486,6.967103,5.629961,0
1.716298,8.20025,6.124664,9.210979,2.4239562,6.099318,3.706022,6.6692986,5.8790493,4.767558,1
3.3222487,4.727857,4.6435595,8.391647,0.819443,4.7810287,3.5897882,6.5920463,3.8923888,5.818026,0
-0.3171404,9.062471,5.85583,10.2598715,2.333531,5.910328,4.064586,7.776811,7.5418215,5.6095314,1
2.9903212,4.982524,4.9554133,8.863462,0.6145925,4.5800605,3.4336603,6.714034,3.5370142,6.1803513,0
1.3105835,7.360529,5.491771,9.575194,1.7003975,5.3422375,3.945972,7.1739573,5.8803844,5.5940795,1
-0.3008901,8.87914,5.4469876,9.830194,2.6085193,5.855,4.2291856,7.703445,7.209484,5.3581977,0
-0.7943007,8.6031065,4.8650675,10.013686,1.9733368,5.1035666,4.0589523,7.9428706,7.583545,6.4227805,1
3.5178313,5.3075953,5.1679153,8.518713,0.93971944,4.861868,3.1861317,6.460271,3.885105,5.5556493,0
1.3503959,7.053231,5.246247,9.577296,1.5594767,5.1278586,3.9899836,7.2356377,5.700707,5.7687407,1
3.1520555,4.733054,4.86114,8.689868,0.5286623,4.6308346,3.5755224,6.5574484,3.963199,5.9767942,0
0.76679003,7.5402846,5.3796043,9.835464,1.7264969,5.3299613,4.127186,7.440976,6.2444725,5.7827735,1
3.1191337,5.0334644,5.019297,8.879414,0.64268917,4.5324607,3.3581798,6.5529847,3.5268314,6.1230373,0
-0.6517752,8.503143,4.8438807,9.993319,2.0584579,5.242935,4.0976076,7.788691,7.40139,6.3253326,1
2.9914525,5.1887326,5.0393953,8.79367,0.37523708,4.6044064,3.3360322,6.6089606,4.1839285,5.8763676,0
-0.51101214,8.513369,5.0007563,10.057506,2.0830615,5.374161,4.1085052,7.7465734,7.3289437,6.1836233,1
1.431199,6.8046474,5.361743,9.583288,1.440352,5.197163,4.024785,7.2942567,5.5624843,5.7868967,0
0.0056823744,8.154824,5.272845,10.012688,1.9546258,5.426432,4.1531944,7.6546803,6.898801,5.9758477,1
3.2785285,4.7702475,4.7591515,8.487663,0.71682996,4.7201796,3.6230438,6.5020957,3.9707756,5.781009,0
1.6417538,6.693441,5.1544967,9.428823,1.3978127,5.032336,3.9185476,7.134631,5.4317064,5.8314447,1
2.9666827,4.9093094,5.064228,8.470458,0.43085924,4.9450235,3.8981354,6.97606,3.4414937,6.0682106,0
5.762828,4.5394297,5.1806107,7.8380585,1.1769098,5.060211,2.5912974,5.79723,2.9698186,5.0129924,1
2.1345332,6.398661,5.275088,9.147904,1.3147528,5.1025186,3.7767303,6.8745914,4.784608,5.6905484,0
6.2947183,4.138732,5.0914154,7.809995,1.0971578,5.085258,2.548398,5.812525,2.665885,4.87065,1
3.3485181,4.6808925,4.844642,8.655797,0.4743775,4.5602922,3.3316228,6.523162,3.8064582,5.943083,0
5.815526,3.6337235,4.9950666,8.1315155,0.018082472,4.3106,3.2183,6.037315,3.0288436,5.9571767,1
4.303456,4.4391036,4.997175,8.394683,0.47614563,4.604625,3.217415,6.3151293,3.5238333,5.792411,1
5.7913895,3.5384767,4.9163933,8.099669,-0.124396086,4.2296457,3.2752132,6.0051374,3.0673351,6.054828,1
1.3716516,7.1205263,5.314317,9.558209,1.5904931,5.1892104,3.97158,7.171223,5.729141,5.700219,1
0.90683275,7.654377,5.5168624,9.755706,1.7993822,5.425084,4.094397,7.337667,6.199784,5.6247563,1
1.0913843,7.51686,5.5112267,9.685592,1.7699876,5.4077234,4.068157,7.2521043,6.03387,5.556763,1
0.57853067,7.726384,5.4239306,9.887282,1.8068804,5.4105864,4.1609626,7.492681,6.407987,5.778386,1
2.074543,6.3764286,5.182165,9.222171,1.3325126,5.0530553,3.8001158,6.9538617,5.0832005,5.7107506,1
3.9505758,6.470872,5.63877,8.232643,2.2542305,5.6355314,3.015664,6.0847607,4.1739106,4.5190215,1
3.9847853,6.5122685,5.672685,8.173017,2.3403776,5.6943345,2.9680429,6.025683,4.1669593,4.4339833,1
4.304886,6.2725115,5.6240897,8.060981,2.2741847,5.6430593,2.8267932,5.9435167,3.9114594,4.4516826,1
4.2552476,6.3188996,5.634081,8.069379,2.2975767,5.657652,2.8475134,5.9565206,3.95437,4.440297,1
4.3709955,6.220864,5.6048846,8.053647,2.2633393,5.629601,2.812728,5.9382734,3.858722,4.4576826,1
4.751577,5.680045,5.447949,8.033684,1.9259988,5.4376817,2.7337854,5.9276958,3.4997196,4.6521277,1
1.3453213,7.459836,5.5901756,9.534281,1.7718419,5.428879,3.9076169,7.1328373,5.9073987,5.526421,1
1.2108382,7.473729,5.500852,9.630422,1.7651042,5.4008107,4.0750155,7.1773367,5.935557,5.49108,1
1.0840935,7.1026893,5.1409616,9.562682,1.4640682,5.0419292,4.0354214,7.2724366,5.901992,5.9296565,1
-0.6389211,8.974845,5.3943324,10.25862,2.3162506,5.713242,4.157187,7.8294106,7.5986147,5.906679,1
1.6693668,6.6288805,5.0448704,9.3859415,1.2736129,4.9779916,3.9742026,7.131026,5.375366,5.868014,1
1.092809,7.74415,5.623293,9.704307,1.8954101,5.4990096,3.8929746,7.2703505,6.1816983,5.5194016,1
1.4518328,6.943147,5.266673,9.5608835,1.5119425,5.1282988,3.8450687,7.1894608,5.6135,5.7921157,1
1.4443002,6.953855,5.1361036,9.48259,1.4921991,5.0417185,3.9682925,7.1456747,5.625064,5.8072414,1
1.0351046,7.334367,5.3634887,9.731291,1.6452686,5.2608986,4.0732417,7.3372817,6.016155,5.7518463,1
1.3865613,6.997258,5.248806,9.544352,1.525777,5.097047,3.897057,7.2054462,5.6841183,5.8104644,1
2.178927,6.252233,5.1749506,9.248208,1.2672651,4.996053,3.7495105,6.936951,5.069591,5.729123,1
3.9888806,6.534091,5.6772156,8.166749,2.33327,5.6931353,2.9621658,6.0289564,4.1879444,4.442174,1
4.289209,6.2987843,5.646236,8.056895,2.307903,5.667674,2.8323865,5.9414034,3.9308844,4.426571,1
4.8374553,5.8062043,5.553773,7.9817634,2.1389558,5.578483,2.6625907,5.8581033,3.4867585,4.486107,1
4.750088,5.911919,5.5253515,7.9795904,2.160131,5.558846,2.6745243,5.856276,3.5594435,4.5033703,1
5.2106376,5.458494,5.402821,7.868398,1.9324398,5.4431825,2.5432916,5.774587,3.2256947,4.5743947,1
5.901801,4.4186816,5.106229,7.7822013,1.1372614,5.0475726,2.5319452,5.8050566,2.870375,5.003593,1
3.6239665,4.97129,5.1948133,8.500808,0.57688725,4.7395234,3.1971805,6.523996,3.6475468,5.7295475,1
0.94165415,7.1913395,5.2858815,9.662623,1.4572383,5.1516953,4.1538095,7.4116387,5.9527154,5.973078,1
2.3551667,6.128453,5.140899,9.009241,1.2615093,5.047751,3.6958256,6.8957415,4.8644366,5.6656656,1
0.17052254,8.152561,5.5467486,10.015044,2.060635,5.654682,4.2607636,7.6098413,6.7590837,5.6758204,1
0.12490316,8.455865,5.4499216,10.0262575,2.091267,5.552228,3.9469461,7.5880322,7.0152054,5.8157644,1
0.16117547,8.303717,5.538101,10.07703,2.0242338,5.5946956,4.0866413,7.6188097,6.9181166,5.778687,1
1.9322294,6.5701756,5.213006,9.341722,1.4351343,5.09907,3.8322833,6.980546,5.204235,5.674628,1
0.8716381,7.248184,5.1522675,9.748986,1.5396197,5.0692987,4.1208534,7.4114237,6.094873,5.931818,1
-0.45409516,8.208699,4.773052,9.898489,1.8854461,5.079342,4.0844674,7.7621913,7.1733403,6.4087105,1
-0.11617131,8.29617,5.1751304,10.020948,1.9871769,5.3922844,4.0709457,7.663129,7.040466,6.057454,1
0.9139289,7.239508,5.242316,9.665759,1.4804021,5.1178856,4.1234913,7.4017816,6.009016,5.9768186,1
1.4396391,6.827103,5.1470737,9.493145,1.4323922,5.0279074,3.986228,7.211787,5.5834665,5.872406,1
5.2068563,5.4691944,5.4169645,7.8785605,1.9355673,5.4559083,2.5532475,5.7844744,3.2240472,4.5598974,1
5.3071156,5.3641486,5.3847876,7.8506737,1.8815439,5.4205623,2.5285282,5.759767,3.1689448,4.58411,1
5.877855,4.6905913,5.2337217,7.7905703,1.4327284,5.175073,2.5158134,5.7135453,2.8893325,4.793312,1
5.873122,4.6733747,5.253405,7.805286,1.422967,5.1511683,2.5429454,5.7016716,2.9004765,4.8290796,1
5.974631,4.6440372,5.214171,7.7426577,1.4629285,5.1686826,2.4881172,5.6840496,2.7959416,4.7383013,1
6.016519,4.5124445,5.187942,7.77597,1.3102837,5.1061015,2.511801,5.698554,2.8104553,4.8568015,1
-0.83736354,8.818886,5.0566773,10.157256,2.143101,5.3513236,4.1137853,7.94993,7.6766987,6.236466,1
-0.64600277,8.822242,5.235017,10.229439,2.210407,5.561015,4.157732,7.8439918,7.5433097,6.042491,1
-0.54421973,8.73188,5.33168,10.263277,2.0139952,5.3857226,4.0903716,7.946496,7.5218315,6.1493597,1
1.4250746,7.1143146,5.3325,9.564499,1.6118644,5.209112,3.9629226,7.1449604,5.687316,5.665232,1
1.9309537,6.311184,5.1669106,9.310788,1.206365,4.9912205,3.8502197,7.117914,5.2102036,5.8565316,1
4.847223,5.83581,5.485024,7.924725,2.126367,5.527695,2.6120899,5.799645,3.4757452,4.5212526,1
5.088291,5.587606,5.460354,7.9110727,2.006456,5.499836,2.5892005,5.806058,3.303568,4.532344,1
5.9708567,4.532667,5.1712904,7.781118,1.2990919,5.106015,2.5042484,5.709933,2.857525,4.899688,1
6.0214806,4.6108704,5.1945004,7.709083,1.4724191,5.163191,2.4719205,5.6841507,2.7215695,4.7064776,1
6.174794,4.3819823,5.1241226,7.7454586,1.2868139,5.109991,2.4860175,5.7121377,2.7179377,4.829882,1
-0.77250546,9.023452,5.2800303,10.106461,2.4342148,5.666883,4.189606,7.8957396,7.6568146,5.836896,1
-0.6320826,8.696008,5.125447,10.052561,2.2672672,5.527848,4.1951017,7.7962713,7.4374084,6.0000377,1
5.8217363,4.475644,5.144467,7.8185515,1.1465852,5.033917,2.5559845,5.781433,2.9455132,5.041841,1
6.224598,4.357618,5.08391,7.6975574,1.3003575,5.086372,2.4374864,5.706454,2.657987,4.7927165,1
6.340068,4.1507573,5.039546,7.726277,1.1321058,5.0536056,2.4835322,5.719104,2.6427238,4.8954635,1
-0.06862822,8.224885,5.4344373,10.1177225,2.0148468,5.5363774,4.2650867,7.727778,6.943465,5.9051895,1
0.9675098,7.655554,5.651115,9.664059,1.7852166,5.4998903,4.113941,7.238658,6.1484094,5.500029,1
0.039620526,8.541764,5.8014994,10.149166,2.1818807,5.8452764,4.204729,7.6602063,7.0587163,5.560297,1
-0.727735,9.0096855,5.3534265,10.251306,2.2842696,5.625256,4.1183476,7.9141927,7.708196,5.960846,1
-0.17828868,8.635493,5.6428432,10.237338,2.1346679,5.7309713,4.146469,7.7434735,7.258157,5.769396,1
-0.3081261,8.972143,5.775408,10.32977,2.3628922,5.935946,4.1991673,7.7788625,7.4008403,5.564595,1
1.8467544,6.548928,5.2334213,9.252987,1.3193706,5.0768914,3.9599187,7.035369,5.3133345,5.714867,1
6.109441,4.338469,5.090085,7.7449512,1.1931632,5.063663,2.487602,5.7540264,2.743053,4.909199,1
6.342403,4.203404,5.0291944,7.7158537,1.1614933,5.113125,2.443613,5.7462454,2.6742785,4.920564,1
6.3654966,4.0927877,5.0358825,7.7364736,1.0840786,5.030296,2.5086694,5.717449,2.6354294,4.9156246,1
5.7245107,3.621137,5.01002,8.191537,-0.09002048,4.287612,3.2558827,6.097596,3.1789887,6.0159054,1
5.715801,3.5792298,4.998424,8.192392,-0.12442132,4.266675,3.270203,6.1018853,3.1555786,6.0493865,1
-0.4028392,8.909234,5.7241435,10.333139,2.2874591,5.877017,4.203291,7.8222013,7.4592757,5.6808085,1
-0.08583296,8.616423,5.8062806,10.22206,2.2323234,5.909965,4.268054,7.7148957,7.135811,5.5403643,1
0.083661124,8.388064,5.729685,10.130961,2.1406176,5.823858,4.2694736,7.6483574,6.9364305,5.566347,1
0.06019618,8.246935,5.53608,10.089617,2.0620275,5.656446,4.247032,7.6456995,6.892806,5.7404585,1
-0.262767,9.118623,5.890493,10.207888,2.375162,5.923779,4.014936,7.7516685,7.5469856,5.557678,1
-0.4873182,9.1418495,5.684434,10.288199,2.385688,5.87686,4.068595,7.8076954,7.6493382,5.681765,1
-0.14810516,9.107947,5.992488,10.131368,2.3408318,5.900049,3.9459295,7.71622,7.484004,5.491476,1
6.2058697,4.29615,5.040737,7.697796,1.2160758,5.0271287,2.4494977,5.711582,2.6410973,4.847767,1
6.336864,4.013294,5.0398974,7.7856855,0.96181387,4.9505177,2.5907755,5.740376,2.6639154,5.018193,1
4.4696565,4.272586,4.941384,8.367914,0.34391698,4.5089273,3.235925,6.2798467,3.489777,5.873493,1
5.693518,3.4350252,4.9441195,8.188499,-0.26574513,4.229678,3.287982,6.1089306,3.1918836,6.134171,1
3.6459572,4.671388,4.8841724,8.524455,0.5361748,4.5695996,3.2982597,6.361038,3.7521052,5.8641996,1
-0.30319178,9.083913,5.9372025,10.244011,2.3075774,5.929683,4.030733,7.7814913,7.5807605,5.605906,1
0.17693074,8.051939,5.3348117,9.973539,1.9156182,5.4215574,4.147894,7.619521,6.7675853,5.925326,1
1.5230345,6.6542883,5.131081,9.40061,1.3290488,4.990222,3.9863687,7.2270403,5.480151,5.920859,1
0.4705836,7.880854,5.49739,9.911092,1.8676968,5.4886446,4.205667,7.501668,6.518188,5.724231,1
1.2353637,7.6706514,5.6652374,9.610295,1.8207331,5.4569516,3.7815053,7.2044463,6.129022,5.609234,1
-0.36392072,8.635351,5.47666,10.074829,2.3941252,5.8318605,4.324741,7.7605767,7.19346,5.5931764,1
-0.38544908,8.882499,5.8616767,10.234091,2.3699982,5.9823275,4.2462854,7.8020725,7.474921,5.544642,1
-0.3380565,8.815683,5.719447,10.263313,2.2993345,5.876128,4.238668,7.7915483,7.371769,5.6319814,1
-0.6099993,8.666734,5.1176224,10.179703,2.1109354,5.4328265,4.1353297,7.831913,7.4666424,6.150799,1
0.049003243,8.166022,5.2900586,9.954198,2.0639005,5.5378222,4.1841574,7.6080484,6.8338523,5.81305,1
